,district,foreign,domestic,Ratio
0,Hyderabad,1044898.0,83900960.0,80.29583748844385
1,Warangal (Rural),306.0,819162.0,2677.0
2,Mulugu,575.0,1819800.0,3164.8695652173915
3,Warangal (Urban),8821.0,30726603.0,3483.3468994445075
4,Jogulamba Gadwal ,945.0,6813340.0,7209.883597883598
5,Mahbubnagar,2282.0,17180118.0,7528.535495179667
6,Nagarkurnool ,761.0,7424355.0,9756.051248357424
7,Jayashankar Bhoopalpally,1252.0,19632865.0,15681.202076677317
